﻿<?xml version="1.0"?>
<paises>
    <pais>
        <iniciales>ita</iniciales>
        <nombre>Italia</nombre>
    </pais>
    <pais>
        <iniciales>sui</iniciales>
        <nombre>Suiza</nombre>
    </pais>
    <pais>
        <iniciales>tur</iniciales>
        <nombre>Turquía</nombre>
    </pais>
    <pais>
        <iniciales>gal</iniciales>
        <nombre>Gales</nombre>
    </pais>
    <pais>
        <iniciales>bel</iniciales>
        <nombre>Bélgica</nombre>
    </pais>
    <pais>
        <iniciales>din</iniciales>
        <nombre>Dinamarca</nombre>
    </pais>
    <pais>
        <iniciales>fin</iniciales>
        <nombre>Finlandia</nombre>
    </pais>
    <pais>
        <iniciales>rus</iniciales>
        <nombre>Rusia</nombre>
    </pais>
    <pais>
        <iniciales>aus</iniciales>
        <nombre>Austria</nombre>
    </pais>
    <pais>
        <iniciales>pai</iniciales>
        <nombre>Países Bajos</nombre>
    </pais>
    <pais>
        <iniciales>mac</iniciales>
        <nombre>Macedonía de ...</nombre>
    </pais>
    <pais>
        <iniciales>ucr</iniciales>
        <nombre>Ucrania</nombre>
    </pais>
    <pais>
        <iniciales>cro</iniciales>
        <nombre>Groacia</nombre>
    </pais>
    <pais>
        <iniciales>rep</iniciales>
        <nombre>República Checa</nombre>
    </pais>
    <pais>
        <iniciales>ing</iniciales>
        <nombre>Inglaterra</nombre>
    </pais>   
    <pais>
        <iniciales>esc</iniciales>
        <nombre>Escocia</nombre>
    </pais>
    <pais>
        <iniciales>pol</iniciales>
        <nombre>Polonia</nombre>
    </pais>
    <pais>
        <iniciales>esl</iniciales>
        <nombre>Eslovaquia</nombre>
    </pais>
    <pais>
        <iniciales>esp</iniciales>
        <nombre>España</nombre>
    </pais>
    <pais>
        <iniciales>sue</iniciales>
        <nombre>Suecia</nombre>
    </pais>
    <pais>
        <iniciales>fra</iniciales>
        <nombre>Francia</nombre>
    </pais>
    <pais>
        <iniciales>ale</iniciales>
        <nombre>Alemania</nombre>
    </pais>
    <pais>
        <iniciales>hun</iniciales>
        <nombre>Hungría</nombre>
    </pais>
      <pais>
        <iniciales>por</iniciales>
        <nombre>Portugal</nombre>
    </pais>
</paises>
	
	
